"ID","Y_star"
"0001",-1.3967764926234
"0002",0.523312102410577
"0003",0.142264575278737
"0004",-0.846648030842621
"0005",-0.41182136206744
"0006",-1.46503503689101
"0007",-0.924113845768557
"0008",-1.18813643433303
"0009",-1.09804380865863
"0010",1.09741687873405
"0011",-1.60081055095071
"0012",0.27174075752563
"0013",-0.7518187398842
"0014",0.712387726709966
"0015",-1.06867858947869
"0016",-1.06478835821374
"0017",-0.202204571996018
"0018",-0.318423464343332
"0019",0.273476305384811
"0020",1.15065842404222
"0021",-0.162495852545906
"0022",-0.283563990625168
"0023",0.1699507624941
"0024",0.737934773516887
"0025",-1.42223347017876
"0026",0.744506338471056
"0027",2.08005190224449
"0028",-0.786714074183412
"0029",0.342930004686628
"0030",-0.478487424030667
"0031",-0.312539574974068
"0032",0.342486806371465
"0033",-0.938787166794364
"0034",0.651698544614159
"0035",0.0295936552368158
"0036",0.615365782833798
"0037",0.920048077305664
"0038",0.118010867454681
"0039",-0.624076474951333
"0040",-0.179181555943154
"0041",0.738497059866499
"0042",-0.88821398872234
"0043",0.745305537313515
"0044",-0.286463638865821
"0045",-0.557351853759845
"0046",0.253637973086527
"0047",-0.471819235208454
"0048",0.0752659284756057
"0049",-0.134160460542559
"0050",1.330446225468
"0051",-0.957307756915649
"0052",1.52521362001417
"0053",-0.210403436881347
"0054",-0.18480772138439
"0055",0.572143452539977
"0056",1.70250138664849
"0057",0.0713946459398757
"0058",-2.06159180907316
"0059",-0.165468081111478
"0060",-0.714091315143389
"0061",-0.0295858926137142
"0062",0.0830077392597006
"0063",-0.000382420455110552
"0064",0.428638152102351
"0065",0.650067142528671
"0066",0.195142429245528
"0067",-0.443874377001644
"0068",1.42314331035172
"0069",-0.747047288720518
"0070",-1.40372476964674
"0071",0.843673347699723
"0072",0.0499235772016067
"0073",0.306881320352327
"0074",-0.200167963497702
"0075",-1.49616909629546
"0076",0.386497781614
"0077",-1.23028491442827
"0078",-0.237566606353906
"0079",-0.380935359382404
"0080",0.220598721790656
"0081",-0.97313082548362
"0082",0.673047096879619
"0083",-1.97167759096491
"0084",0.521112642643094
"0085",0.599556020602325
"0086",-0.408734157991367
"0087",1.55015996825116
"0088",-0.408788866212587
"0089",-1.73108781095016
"0090",0.237707486019939
"0091",-0.817468312059033
"0092",-0.382740384138379
"0093",-0.123470541077341
"0094",-0.226620827790601
"0095",-0.197472268867809
"0096",0.919144941852327
"0097",-0.86949626556829
"0098",-1.271712149561
"0099",0.543617565858618
"0100",1.77974796287623
"0101",-0.578275503848719
"0102",0.141139770115033
"0103",-1.36489639066223
"0104",-1.38012700959225
"0105",1.412094550035
"0106",1.5699389012538
"0107",-0.413786275663794
"0108",1.02932942125059
"0109",0.444528230232523
"0110",-1.86341301597015
"0111",0.0387185539839669
"0112",-0.724088671907655
"0113",0.389633023376995
"0114",-1.16011298187173
"0115",0.915113909086849
"0116",-3.04726189696109
"0117",0.207327193082056
"0118",-0.158615980190969
"0119",0.923062642194691
"0120",-0.00898845660741072
"0121",0.133052640309613
"0122",-0.41467416757367
"0123",1.07616820029961
"0124",-1.07481563230596
"0125",1.05625661563721
"0126",-1.20912619221441
"0127",-0.280539245090702
"0128",-0.00491131824130937
"0129",0.46991493606819
"0130",-1.03697189136451
"0131",-0.550019661769924
"0132",0.0432517052572678
"0133",1.83607206249109
"0134",0.617935536360042
"0135",-1.05629211932316
"0136",-0.190187743020329
"0137",1.28372916186944
"0138",0.415291078018828
"0139",-0.0100422257836881
"0140",-0.419074855012352
"0141",0.708890309830441
"0142",0.407115770854049
"0143",-0.166430184253644
"0144",0.37755847837489
"0145",0.734518465025945
"0146",-0.275921890236724
"0147",0.522537840241379
"0148",0.624691583541859
"0149",0.684413778388496
"0150",-1.300744974044
"0151",0.191844377370812
"0152",1.29960621771551
"0153",-0.55931411969936
"0154",-0.512896404364015
"0155",2.41510173159819
"0156",-0.160265868369294
"0157",0.119472505726904
"0158",0.618270620453373
"0159",-1.04000117292125
"0160",1.2541667411487
"0161",0.316241966064593
"0162",0.438694038517089
"0163",0.575548711418141
"0164",0.348726668319562
"0165",0.105153585913998
"0166",-0.552877480004877
"0167",0.570964720896605
"0168",-0.719849861476175
"0169",0.892656953740576
"0170",-0.882137629184123
"0171",-0.488169504083455
"0172",0.873341422909885
"0173",-0.282541220859325
"0174",-0.780342048584164
"0175",0.457119989782133
"0176",0.702380654891435
"0177",0.152289349203672
"0178",1.83132457786305
"0179",2.02774696754219
"0180",1.29527339877739
"0181",0.821132920594484
"0182",1.28582067467579
"0183",0.622189227815229
"0184",0.892497784609123
"0185",-0.967523089491854
"0186",0.377713703626478
"0187",2.08536483794897
"0188",2.31938604781907
"0189",-0.365436912696378
"0190",-1.38102666722368
"0191",-0.671572704266744
"0192",0.410903010108412
"0193",1.51553477902871
"0194",-0.441081314631552
"0195",0.530167876016227
"0196",0.729390451510616
"0197",-0.87323627293088
"0198",0.446500192083216
"0199",-0.401454877569932
"0200",0.613312958333753
"0201",-0.385705280261383
"0202",0.133496456072995
"0203",1.8270880748616
"0204",-0.326519533573413
"0205",0.318159738120568
"0206",-0.131610680396945
"0207",-0.934358455126819
"0208",0.5355932166354
"0209",1.3693915158095
"0210",-0.839989512674331
"0211",-0.380111019567964
"0212",-1.14501607934665
"0213",-0.248886571690913
"0214",0.292473757630053
"0215",-0.353359725477425
"0216",-2.065438075887
"0217",-0.395537052024968
"0218",0.205507711709397
"0219",-0.832620562827436
"0220",1.26823696522449
"0221",0.351862661452512
"0222",-1.66804709758131
"0223",-0.499751350458308
"0224",1.15820827437987
"0225",0.608797705895233
"0226",0.130299979676869
"0227",0.0324620356378803
"0228",1.89218331973611
"0229",-0.307749360349579
"0230",0.864986227174321
"0231",1.30279773491029
"0232",-0.402199729271902
"0233",0.984817979077438
"0234",0.56172886299083
"0235",1.27586929122698
"0236",0.712300472606208
"0237",0.00835314254065621
"0238",0.144238020721296
"0239",0.297503391839352
"0240",0.340475735340048
"0241",-0.461124561896367
"0242",1.1914962165192
"0243",-0.921887340103359
"0244",-1.42394986885326
"0245",-0.05310051982316
"0246",-0.193060366662441
"0247",-1.73800301919979
"0248",-0.161433270965143
"0249",0.242425698949361
"0250",-0.635527840868579
"0251",-0.0734688255353621
"0252",-1.08655437642329
"0253",-0.370494153165745
"0254",-2.05451296118391
"0255",0.693542676137986
"0256",0.101370646321903
"0257",-2.51481625225858
"0258",-0.739035329461304
"0259",0.485475249964765
"0260",-0.141224163596497
"0261",1.15426360338883
"0262",-0.136187869775774
"0263",0.0567798207368118
"0264",-0.827383621182809
"0265",-0.761778899931935
"0266",1.29431619347127
"0267",-0.690904721548011
"0268",0.503570794880855
"0269",-0.0530506785497236
"0270",0.32211776505025
"0271",1.05315528308239
"0272",0.249774610631743
"0273",0.571944059405228
"0274",0.678327307670305
"0275",-0.0463568216710034
"0276",0.160578969541043
"0277",0.252093252122264
"0278",-1.23398036563424
"0279",0.112356723263942
"0280",0.0116360718748047
"0281",0.839806302639073
"0282",0.647662171839251
"0283",0.655946071946776
"0284",-0.181694535258022
"0285",0.376343003514003
"0286",-0.27174483148752
"0287",-0.447850115112319
"0288",-0.377378527218141
"0289",0.332068651762564
"0290",0.0577758880445311
"0291",-1.50294811630326
"0292",-0.132591601962162
"0293",0.896496515273436
"0294",-1.820523203759
"0295",-0.951621200385737
"0296",-1.16791784294539
"0297",2.45297115783716
"0298",1.74483021303893
"0299",-0.240272716938364
"0300",-1.07540798625969
"0301",0.868590351619728
"0302",0.77720703897216
"0303",1.28057172394113
"0304",1.40342903106773
"0305",-0.975748813792151
"0306",1.44294658839406
"0307",0.252666925568187
"0308",1.10040714221398
"0309",-0.695406997966135
"0310",1.04767544854053
"0311",0.474895249449195
"0312",-0.567768111550023
"0313",-1.96624814719536
"0314",1.37566008053607
"0315",-0.535662321781916
"0316",0.354382027714105
"0317",-0.256859926276877
"0318",-0.596167921667668
"0319",-0.559952635142924
"0320",0.293420441298052
"0321",0.635225152376642
"0322",1.12875178179314
"0323",1.445448549006
"0324",1.77912911659092
"0325",-0.455385112900975
"0326",-3.34622212199013
"0327",-1.05766897817793
"0328",-0.020428929158452
"0329",0.576086638495439
"0330",-0.285789026157875
"0331",-0.0578715943374271
"0332",0.408556392769082
"0333",-0.122554145765188
"0334",0.548046035257007
"0335",0.71085294066332
"0336",0.467273023463387
"0337",0.519175674961486
"0338",-1.30033489118628
"0339",0.555537812633648
"0340",0.902048933707629
"0341",0.314983042216668
"0342",0.0613090879663326
"0343",0.792193160141279
"0344",-0.633380585946314
"0345",-0.204265752442571
"0346",1.06269767637169
"0347",-0.519547872169985
"0348",0.361237765752634
"0349",1.19391013520457
"0350",-0.421394236405897
"0351",0.476820196965351
"0352",-0.416336921871268
"0353",-1.863913060805
"0354",-0.513575899725571
"0355",-1.67528845298203
"0356",0.835044954543104
"0357",0.408996912516589
"0358",0.404006428119809
"0359",0.880116843769461
"0360",2.5246493407241
"0361",0.555566554944937
"0362",0.50315204542577
"0363",1.16034666831957
"0364",0.789174206354772
"0365",1.84822694153058
"0366",0.172220428020029
"0367",-0.532267869459852
"0368",0.561748396020767
"0369",-0.703386612217066
"0370",0.96233260258584
"0371",-0.410167077297929
"0372",0.223767868678312
"0373",-0.172325860622547
"0374",0.891925729317144
"0375",0.0813142801245446
"0376",0.576077493268538
"0377",-0.295583649685641
"0378",-0.280442634046449
"0379",1.4216285856415
"0380",0.110506774462502
"0381",-1.2229492819462
"0382",-0.692884936785031
"0383",0.103659558126559
"0384",-0.627042031663568
"0385",-0.801833245806789
"0386",-0.149282686623288
"0387",0.389180758916516
"0388",0.386677444519142
"0389",0.02809007283091
"0390",-1.62234668619987
"0391",-0.11608775448198
"0392",-0.363277035914989
"0393",0.891623458260686
"0394",1.09892847315688
"0395",0.953817966132035
"0396",0.488518181495531
"0397",-0.0361768108423414
"0398",-0.583288147761034
"0399",0.880000690318333
"0400",0.612470426615246
"0401",0.0820607945956992
"0402",2.43059953606844
"0403",0.15428551977096
"0404",-0.853384312123928
"0405",-0.854220415323351
"0406",-1.49941048028545
"0407",-1.95502260805727
"0408",-0.00983923732799108
"0409",1.34465916852344
"0410",-1.1290571961244
"0411",0.592238783765055
"0412",0.670192466826158
"0413",-0.211248603435791
"0414",-0.375229470369479
"0415",0.849025887048572
"0416",1.07215331949483
"0417",-1.38159578997549
"0418",-1.14965177464159
"0419",-2.37105296998552
"0420",-1.622334019345
"0421",-0.244081034547885
"0422",-0.583529068010763
"0423",-1.17292492771955
"0424",0.931517282409574
"0425",-0.26964798644406
"0426",0.305172372839774
"0427",1.58668862804393
"0428",-1.51617554304848
"0429",-0.607446345916307
"0430",-0.184308867650649
"0431",-0.719847994035196
"0432",0.60447415418087
"0433",0.158823934110206
"0434",-0.861278433057881
"0435",-1.88453343662726
"0436",0.503935302815361
"0437",-0.350247899550366
"0438",0.220852085043132
"0439",-0.114510021756323
"0440",-1.04133206289116
"0441",-0.850211290193621
"0442",-0.641608184711525
"0443",0.494223726826756
"0444",0.400363901478572
"0445",0.303997745945252
"0446",-1.50684046357475
"0447",0.197032696336147
"0448",0.0567325047716334
"0449",0.928700242595459
"0450",0.443559154323051
"0451",-1.2934050952856
"0452",-0.994291894318448
"0453",0.756157128717489
"0454",1.46986340275994
"0455",-1.86237597364511
"0456",-0.358357128353142
"0457",-1.20225191581747
"0458",-0.28790163610363
"0459",-2.42769394324502
"0460",-1.34349323471274
"0461",-0.290320652286612
"0462",-1.51186128329178
"0463",1.06046117174175
"0464",1.00329701402765
"0465",-0.360305117599507
"0466",1.04157369399478
"0467",0.394126902658448
"0468",0.367744245848032
"0469",-0.692241986696575
"0470",1.36175210580933
"0471",-2.60476671237802
"0472",-0.645705352290846
"0473",-0.477264954133709
"0474",0.0158291598665504
"0475",-0.199691361033548
"0476",-1.99757646047277
"0477",-1.26082566966745
"0478",2.3535464740732
"0479",-0.648173863863771
"0480",-0.663345540595418
"0481",-0.278252779054111
"0482",0.266288230848785
"0483",-0.964060519167581
"0484",0.194178484812423
"0485",-2.11774868296284
"0486",-0.478335379826898
"0487",0.846634749939062
"0488",1.4506115722406
"0489",-0.833670542153579
"0490",0.0141421929720003
"0491",1.67009557298168
"0492",-1.32039608531437
"0493",0.446650444918131
"0494",-0.64361586188714
"0495",1.30950305231955
"0496",0.582936378927574
"0497",0.544830573287529
"0498",0.561769967341615
"0499",0.485563290295535
"0500",-0.262486739539144
"0501",0.866968109168397
"0502",-1.18416450810819
"0503",1.56285527636059
"0504",1.81631664471109
"0505",-0.993820758738858
"0506",1.0498173044992
"0507",-0.279481394073094
"0508",0.90856004390607
"0509",1.32616659065186
"0510",0.495657613037098
"0511",1.32570008231855
"0512",-0.426511408069425
"0513",-0.826026176742247
"0514",0.76748604183116
"0515",-0.705050348159349
"0516",0.235322859113673
"0517",0.580569585396136
"0518",-1.73291499076904
"0519",-0.52211389854446
"0520",0.334400810731208
"0521",-1.62473085376681
"0522",-1.63944814529162
"0523",0.110382526860655
"0524",-0.796618871444489
"0525",1.26713443816988
"0526",-1.41183119829413
"0527",1.65052478513087
"0528",2.04581692016589
"0529",0.396940666861432
"0530",-0.00446254068621942
"0531",-0.0670149796300779
"0532",1.52296514653784
"0533",-1.95649978412803
"0534",-0.633936418302467
"0535",2.12069135762287
"0536",-0.518847700317873
"0537",-0.334938598966903
"0538",-1.40404824744239
"0539",2.13786158086329
"0540",0.339199761191366
"0541",0.207690534683757
"0542",-0.453401776107859
"0543",-1.23014489313225
"0544",0.459279938935183
"0545",-0.820748069431862
"0546",0.270645702384025
"0547",-0.21466849543313
"0548",-0.212401018301112
"0549",-0.465363997716825
"0550",2.61131630936706
"0551",0.379449119343977
"0552",-0.111818469959199
"0553",0.892777070974342
"0554",0.581639144823164
"0555",-1.37166762505008
"0556",-2.07891844597666
"0557",-0.748488781479761
"0558",1.29419712026452
"0559",-0.395617830402039
"0560",-0.432348474141384
"0561",-1.42784457857867
"0562",-0.0518978840290963
"0563",1.14415381355287
"0564",0.709338826152783
"0565",0.567331061929209
"0566",-0.249643025878065
"0567",-1.59118049799933
"0568",-0.673775324949935
"0569",1.21111141162392
"0570",1.16282158868116
"0571",0.317031972885904
"0572",0.784572812556438
"0573",-0.836428993532326
"0574",-0.144748252098275
"0575",-1.84944139616356
"0576",-1.95590769818709
"0577",-0.505870967467896
"0578",-1.84504823042369
"0579",-1.6539665138142
"0580",-0.16919735607004
"0581",-2.09751079858589
"0582",-0.479837166664767
"0583",0.526784041321977
"0584",0.265388490733348
"0585",1.48899351929522
"0586",0.987609360570035
"0587",0.623596061406269
"0588",-0.257673123327885
"0589",1.87340003773215
"0590",-0.512131639690439
"0591",-0.42205233101666
"0592",0.865250221858046
"0593",-0.456513822332621
"0594",-0.796209987220842
"0595",0.349253406456577
"0596",-0.202062683796326
"0597",-0.31663094508276
"0598",-0.373658292103905
"0599",-2.0085461527324
"0600",-1.83805018674556
"0601",1.81451014753181
"0602",0.177194345651254
"0603",-0.480449119926585
"0604",-0.60670149611946
"0605",0.749188696489022
"0606",-1.50153151589033
"0607",0.731024982170491
"0608",0.694585692592298
"0609",1.55527466201855
"0610",0.713461831115757
"0611",-2.75155725969157
"0612",-0.297161023978307
"0613",-0.984956901175076
"0614",0.768321493384462
"0615",-0.580825488037329
"0616",1.66848562910817
"0617",-0.845477957542863
"0618",0.876457121995321
"0619",2.0929197037817
"0620",-1.28348585612742
"0621",0.566246326789581
"0622",-1.41845678401006
"0623",-1.02545202301454
"0624",1.42898271895336
"0625",2.66144643472997
"0626",-0.561739654563203
"0627",0.0194226811435598
"0628",-0.246023025479953
"0629",-0.664948665333713
"0630",-0.476889480962324
"0631",-1.05173146277829
"0632",-0.0646390697690817
"0633",0.735097224575577
"0634",0.707970164557471
"0635",-0.876016054798656
"0636",1.28619586183121
"0637",-1.2490244561676
"0638",-0.78247772985625
"0639",1.15599725431604
"0640",-0.738864929207999
"0641",-0.263285451389579
"0642",-0.199636321216359
"0643",-0.448459293425857
"0644",0.0484720049476071
"0645",-0.0948488106287902
"0646",0.167562678357732
"0647",1.01614775466957
"0648",-1.31416929109144
"0649",0.950247432215465
"0650",-0.931174107153634
"0651",-1.29868035288867
"0652",-0.0923824815211444
"0653",-0.61357487375725
"0654",-0.606246043399196
"0655",1.10332218407076
"0656",0.923027859210216
"0657",-0.357866767925622
"0658",-2.3321482552435
"0659",-0.135897073479951
"0660",-1.74132320041967
"0661",-1.13777716458247
"0662",0.899576422913948
"0663",0.222445285692836
"0664",0.480467171763434
"0665",-1.90566838449253
"0666",-2.07561957902539
"0667",-1.03858714062984
"0668",-1.05657868787104
"0669",-0.453253751599407
"0670",-0.419923744993932
"0671",0.65061964239543
"0672",0.126853762638672
"0673",0.335019671750872
"0674",0.506898913615607
"0675",-0.61632495605965
"0676",0.554452139704808
"0677",-0.0340748034259147
"0678",0.0631127670793943
"0679",0.0570676278475304
"0680",-0.684581112640236
"0681",0.717523777378798
"0682",-0.514151013930351
"0683",-1.41001544371
"0684",-1.19803703995132
"0685",-0.875268692524297
"0686",0.0602042578267914
"0687",-2.2876717340666
"0688",0.267842774664523
"0689",1.12974620497294
"0690",0.266748190214035
"0691",0.561060466898154
"0692",-0.542733210231293
"0693",0.276624945583715
"0694",0.545988115648679
"0695",0.875175258660159
"0696",-0.838618057978074
"0697",-1.18593462527824
"0698",-0.0772824720793248
"0699",1.06868567665163
"0700",0.326853702310119
"0701",-0.467976074268351
"0702",-2.35037896545981
"0703",1.36731683797104
"0704",1.03803430087781
"0705",0.210260335888936
"0706",1.04699325205591
"0707",-1.06730567976405
"0708",0.280180100523324
"0709",-0.881850912976891
"0710",-0.250838687828661
"0711",-1.35769135099463
"0712",0.51674431366906
"0713",-0.444339407833009
"0714",-1.762658647508
"0715",-0.573954886963847
"0716",-0.745140275722655
"0717",-0.924821901740165
"0718",-1.06994596933439
"0719",-1.09862722092571
"0720",-0.248516349204877
"0721",-1.03207889237403
"0722",-2.0268517111267
"0723",0.912760313706167
"0724",0.840872835450357
"0725",0.248953578708378
"0726",-0.603317219322548
"0727",0.231773097067029
"0728",-0.880371718815406
"0729",1.3970147901385
"0730",1.22498577539515
"0731",0.913534390252762
"0732",-0.221550215711323
"0733",-1.3387857957842
"0734",-0.0924076103178001
"0735",0.397176114832878
"0736",-1.06968889948683
"0737",-0.954411646877216
"0738",0.54400017572399
"0739",0.23311978717845
"0740",-0.603108699098437
"0741",0.249179557081404
"0742",0.326016336087477
"0743",-0.313376006873757
"0744",-1.69719311737986
"0745",-0.688176126961693
"0746",0.574493167348818
"0747",-0.249841287020271
"0748",-0.0568723918650021
"0749",0.686880005290524
"0750",-0.309118413130839
"0751",-0.515742532295509
"0752",-0.33823961868256
"0753",0.648221595912681
"0754",-0.815401042120714
"0755",-1.9982656773971
"0756",0.93041060063103
"0757",-1.27282154789025
"0758",-0.552280336613405
"0759",1.9868961530014
"0760",-0.701107634988451
"0761",0.119936400316954
"0762",-1.46109767768718
"0763",-0.211795215973849
"0764",0.614690430408744
"0765",-0.554190433253711
"0766",0.772626848231399
"0767",-1.17058876796442
"0768",-0.269555269148266
"0769",0.951079275247246
"0770",-0.506153504032846
"0771",0.122159661956968
"0772",0.638082803903891
"0773",0.586743390795636
"0774",-0.512883287074333
"0775",0.484943000757375
"0776",-0.173668277653583
"0777",2.18946889328545
"0778",0.741275560544616
"0779",-0.175075632488968
"0780",-0.279778895246773
"0781",-0.894081347235532
"0782",-0.220842277448706
"0783",-0.649580736670022
"0784",2.35802075725402
"0785",-0.96051975052001
"0786",-0.00630916448151888
"0787",-1.01476565752212
"0788",-0.640443421531093
"0789",-0.580372903431065
"0790",-0.414964240334362
"0791",0.048895526618059
"0792",0.191771253761976
"0793",0.307269424887056
"0794",0.82551753176388
"0795",1.23350716908125
"0796",1.22760319218217
"0797",-0.858609490850972
"0798",-0.336130879067234
"0799",1.17708319230313
"0800",-0.689307073296737
"0801",0.219317328680477
"0802",0.257713611144158
"0803",0.831544419699047
"0804",0.572026728218108
"0805",1.9381163971641
"0806",0.0663981427905015
"0807",0.673419449886404
"0808",0.0651382882673047
"0809",1.00712682062765
"0810",0.546127098529489
"0811",2.07117554707212
"0812",1.19856539816871
"0813",1.01862421398274
"0814",0.411655249981321
"0815",1.27386096713521
"0816",-0.906473391722705
"0817",-0.312556125750708
"0818",-0.137611655122532
"0819",1.55114545835986
"0820",-0.864764855691984
"0821",-0.46006536218968
"0822",1.20335465910633
"0823",-1.0154663321606
"0824",-2.09883435585643
"0825",-0.190182429454142
"0826",-1.57262533701821
"0827",0.472178633053158
"0828",-1.32728306465312
"0829",-0.241523299714997
"0830",0.209096834443116
"0831",0.96009903107936
"0832",-0.597184996201302
"0833",-0.177799925388469
"0834",-0.806322560430655
"0835",0.711052406059977
"0836",0.0669940347282261
"0837",1.07953520597183
"0838",0.483017370189565
"0839",1.77922205201726
"0840",0.756221941497093
"0841",-1.01995040862304
"0842",0.648313654750485
"0843",1.42938517941818
"0844",0.129165595510228
"0845",-0.181803113433365
"0846",-0.572201908981397
"0847",-0.833250373548758
"0848",-2.72392590602127
"0849",-1.26330558175637
"0850",-0.75853737569667
"0851",-0.817697097352588
"0852",0.989953581361818
"0853",0.162976807447122
"0854",-0.432400980982289
"0855",0.75259568768961
"0856",-0.232272545279866
"0857",0.98211501527948
"0858",-1.01797916127703
"0859",-0.68146032146489
"0860",-0.685075868240599
"0861",1.33626216764976
"0862",-0.160040556737724
"0863",-1.551379962419
"0864",-0.079480820995928
"0865",0.948042088632142
"0866",0.908538286626865
"0867",0.237795869976537
"0868",0.598771080806062
"0869",-0.346683790047369
"0870",0.298291826616104
"0871",0.148338256201002
"0872",-0.65831013201356
"0873",-0.283474711078978
"0874",0.536584227898042
"0875",0.956910962630237
"0876",0.179433001242673
"0877",-0.055917795093358
"0878",0.488325058211714
"0879",0.0145390300135321
"0880",-1.85692972103624
"0881",1.69422823615234
"0882",-1.54855796616768
"0883",-2.34122791776122
"0884",0.150224554237861
"0885",0.34798083423482
"0886",0.375162832677606
"0887",0.52010066595618
"0888",1.24253111440142
"0889",2.03143207546948
"0890",0.567148364411035
"0891",0.26508672852031
"0892",-1.18368849312022
"0893",1.40371940699904
"0894",0.836851621612977
"0895",0.879952172317578
"0896",0.60327254310822
"0897",0.146517364562658
"0898",-0.748860119067603
"0899",-0.0685235838431754
"0900",1.34275943246276
"0901",0.341192706685956
"0902",-0.0545697413240972
"0903",0.836148726616474
"0904",-0.422276255123594
"0905",-0.980038154834741
"0906",0.153381112723804
"0907",-0.0140396580574527
"0908",0.151912883582209
"0909",0.223101862578895
"0910",0.964426267632499
"0911",0.662425659275192
"0912",0.123586786113906
"0913",-0.208681026395996
"0914",0.499284670178084
"0915",1.14944766697986
"0916",-1.42874436823363
"0917",-2.4771722815132
"0918",0.516033863310009
"0919",1.17605444858761
"0920",-1.05319604046974
"0921",0.915528038504112
"0922",0.395706320278891
"0923",-0.948406333289562
"0924",0.222970732830072
"0925",-0.0102151310849481
"0926",0.520521103983723
"0927",-0.779864834092882
"0928",-0.446693619629705
"0929",1.27201009706738
"0930",-2.33534116252436
"0931",-1.52840203854591
"0932",0.394356351805535
"0933",-0.148334432087297
"0934",1.29643193190081
"0935",0.0752792316400345
"0936",0.363999553322072
"0937",1.60782704299277
"0938",0.609978525690223
"0939",0.184339586855211
"0940",0.304117430160499
"0941",-0.232736210163434
"0942",-0.893119365799045
"0943",0.908237185878168
"0944",-0.783473240405299
"0945",-0.00278303040364775
"0946",0.815478021901107
"0947",0.316325726863343
"0948",1.17759616908242
"0949",0.9313391360505
"0950",-0.875778774214367
"0951",1.00701342405504
"0952",-1.42037799567862
"0953",0.637029282814397
"0954",-0.399608812457358
"0955",0.183526573568663
"0956",-0.232112896101768
"0957",-0.157976592259957
"0958",0.838784714727899
"0959",0.476061264579387
"0960",1.17492813580431
"0961",0.981782944451116
"0962",2.7137027548503
"0963",1.78866381778508
"0964",0.388825287851808
"0965",-0.742270839786199
"0966",0.577535345576544
"0967",-0.864480278249368
"0968",-0.948550680998903
"0969",0.753288640180369
"0970",-0.181509994310924
"0971",-0.201871597786087
"0972",0.309497186646582
"0973",0.811891781727118
"0974",-0.460742596839974
"0975",0.82300082734865
"0976",0.603735537240237
"0977",0.674444630398401
"0978",0.568036624910349
"0979",-1.50617791480458
"0980",0.0833791526242869
"0981",1.23003595183408
"0982",-0.769412132478182
"0983",1.72066873621415
"0984",0.0656283922917778
"0985",-1.70536658596942
"0986",-0.0769205172187451
"0987",0.660633085843884
"0988",-0.021819529884551
"0989",0.368484860050338
"0990",-1.40839154792591
"0991",-0.230962499354765
"0992",1.09222360696087
"0993",0.651752611280241
"0994",-0.44985401588451
"0995",-0.646561522561963
"0996",-0.776711693254604
"0997",-0.136475821493192
"0998",-2.03020735841121
"0999",0.391876933675057
"1000",-1.44057417500774
"1001",-1.35434732926535
"1002",-0.706079654407169
"1003",-0.369707600363187
"1004",-0.460810177059868
"1005",-0.516065302759522
"1006",-0.0663614979279614
"1007",-0.628624934378763
"1008",1.10997744215564
"1009",-0.312177964762884
"1010",2.00700486047344
"1011",-0.199741514711856
"1012",-0.629925501883623
"1013",-1.42769561673606
"1014",-0.0200719792434664
"1015",-1.97640672955643
"1016",-0.891280354235217
"1017",0.810930747439264
"1018",-1.1110358404263
"1019",-0.274851061121162
"1020",1.27875352788506
"1021",-0.577000499190143
"1022",0.254461818798594
"1023",2.44904797097908
"1024",-1.36942280161027
"1025",-0.490295509449893
"1026",1.02569085057708
"1027",-1.53596366206246
"1028",-0.116015198137172
"1029",0.347062697937402
"1030",0.169923584197595
"1031",-0.596965980998018
"1032",1.58376357449857
"1033",-0.325872865295713
"1034",0.631892385120956
"1035",0.623136884559552
"1036",0.364054813877063
"1037",-0.191699411474625
"1038",0.501738550892558
"1039",1.13012960021181
"1040",1.9491889303337
"1041",0.737485088012192
"1042",0.153189846252589
"1043",-0.0142885917923545
"1044",1.67644073166225
"1045",-0.313518848425702
"1046",-0.206082003384471
"1047",0.926826877157887
"1048",2.03259679409559
"1049",-0.63060111463507
"1050",-1.12105449963783
"1051",-0.829024854688097
"1052",-1.22038271881486
"1053",0.110669726122794
"1054",0.746443192742513
"1055",1.35620722168014
"1056",-1.55241228976423
"1057",0.00735838437683806
"1058",0.303438490116793
"1059",-1.45053330630225
"1060",-0.0133212831785763
"1061",-2.65961205387333
"1062",-0.843273121343431
"1063",0.120195032391816
"1064",1.00369171904094
"1065",-0.438155788396191
"1066",-2.03911267147208
"1067",1.22043613757472
"1068",1.5421807695495
"1069",2.79835884791513
"1070",0.733952621083626
"1071",1.54930813409486
"1072",1.33060447354894
"1073",-0.103189045344687
"1074",-0.0468694339379029
"1075",-0.176298706498926
"1076",-1.97368882995893
"1077",-0.987360705301744
"1078",1.89640117826775
"1079",-0.231504786132486
"1080",-1.87129855878008
"1081",0.377931256858157
"1082",-0.55679691280281
"1083",-2.33044662937033
"1084",-0.973195471960597
"1085",-0.259386356932393
"1086",0.981406726707479
"1087",0.0168894777565134
"1088",-1.72145083426443
"1089",-0.0928605299460024
"1090",-0.223019927164968
"1091",0.0302317418855135
"1092",-0.522381193928111
"1093",1.67695382868028
"1094",0.0756155505040274
"1095",-1.26678551648097
"1096",-0.379512777915986
"1097",-0.238838687861266
"1098",-1.92441079046325
"1099",-0.660848488193838
"1100",-1.04508083723295
"1101",1.32721671005327
"1102",0.139623756085177
"1103",-0.285554656828097
"1104",-0.852327378163074
"1105",0.393626753887374
"1106",0.117324391597613
"1107",-2.5369642043277
"1108",0.337517577892084
"1109",-1.49713762975625
"1110",1.99887721098176
"1111",0.477612243924922
"1112",0.213673912620344
"1113",0.421700811962805
"1114",1.36160663230218
"1115",1.28061764211313
"1116",0.50117884389072
"1117",0.146179686022005
"1118",0.63026819711494
"1119",-1.73430752191742
"1120",1.7212737360757
"1121",-0.618756045723701
"1122",-0.585997742690487
"1123",-0.543054550354775
"1124",-1.46763017995454
"1125",-1.31275205314463
"1126",0.767023087828132
"1127",0.784347695127545
"1128",-0.705120682954871
"1129",-0.131779770371258
"1130",1.22331436093925
"1131",-0.547135813501563
"1132",-1.22978206353099
"1133",0.914519790467616
"1134",-0.557337322102996
"1135",-0.559438678068704
"1136",-0.0892547366083022
"1137",-0.439605991906057
"1138",-0.1852079746905
"1139",-0.86684268370645
"1140",0.57183332322478
"1141",-0.465769291850521
"1142",0.387947149654921
"1143",-0.00653432689031502
"1144",-1.10687743953989
"1145",0.238908886489928
"1146",1.30830884581341
"1147",-0.443895210245448
"1148",0.529065414389075
"1149",1.18033113771252
"1150",0.475792113447068
"1151",0.963065017764695
"1152",-0.544463081759019
"1153",-1.099049658486
"1154",0.0465305498994459
"1155",-0.174968725756895
"1156",-0.890611536413341
"1157",2.32488843177411
"1158",-0.179427094338933
"1159",0.0916917723482005
"1160",0.458090608714806
"1161",-0.708815603264386
"1162",-0.090891915782572
"1163",-0.34991799267809
"1164",0.164677893505839
"1165",-0.178235729580205
"1166",0.798808354733182
"1167",0.195603547684166
"1168",0.279265472350477
"1169",0.0164256172401068
"1170",1.63313924802184
"1171",1.15056018697219
"1172",0.17593729421847
"1173",0.342344933873304
"1174",0.392059432139372
"1175",0.834197463002938
"1176",-0.148932176843248
"1177",-1.48106185142408
"1178",1.03787771932444
"1179",-1.34362970218433
"1180",-0.142052843173864
"1181",2.50036851357863
"1182",-0.628815461186975
"1183",0.928888161924907
"1184",1.53774253250712
"1185",-1.29423277309036
"1186",-0.17351019630713
"1187",1.39125760489108
"1188",0.1952116947094
"1189",0.139817803131758
"1190",0.426736202534224
"1191",0.319354211932603
"1192",-0.91758254291187
"1193",-0.390465587037617
"1194",1.12977917119834
"1195",-0.659373499583695
"1196",-0.616687841103171
"1197",1.00998126071863
"1198",-1.21833926005227
"1199",-0.0505015576558964
"1200",-0.215349341409369
"1201",-0.527015765696569
"1202",0.0221309150082812
"1203",-0.373131316306082
"1204",-1.11680185423404
"1205",-0.863570578992498
"1206",-1.08892404653954
"1207",-2.82580931672421
"1208",1.39527402306327
"1209",1.75532662152428
"1210",0.972166755180223
"1211",0.701226563060755
"1212",0.750780845550454
"1213",0.00082328208977966
"1214",-0.30933080327738
"1215",-0.848437104093333
"1216",-1.09703911569946
"1217",-0.412575738827166
"1218",0.547015440134289
"1219",-0.605541849955602
"1220",-1.12849617846206
"1221",-0.194890299445368
"1222",0.821424378575694
"1223",-0.75129485313616
"1224",0.69838833775307
"1225",-1.23070812942418
"1226",-0.926847423679519
"1227",0.292727560068938
"1228",-1.94097076552241
"1229",0.431395522806425
"1230",0.593131327955171
"1231",0.344641396864082
"1232",-0.812992832461484
"1233",2.65182718364965
"1234",-1.37146588608379
"1235",0.28961873592598
"1236",-1.36422639566446
"1237",-1.38303727900239
"1238",-0.321488637457051
"1239",0.319477326747105
"1240",-0.242317320214115
"1241",-1.28410996304439
"1242",0.0500970086438278
"1243",-1.34323094530631
"1244",1.22170794639391
"1245",-1.43199119627449
"1246",-1.16658906395797
"1247",1.86445398382603
"1248",1.44837808436024
"1249",-0.66494508055721
"1250",-0.595596699067569
"1251",-1.95018526785222
"1252",-1.38804027224431
"1253",0.845966706366354
"1254",-1.10253221635445
"1255",0.503504948045295
"1256",1.54939866586393
"1257",1.76327631899956
"1258",-1.44481665308502
"1259",-0.795048751104512
"1260",-1.9821188206868
"1261",0.0907281096993904
"1262",-1.18461009069482
"1263",0.22209032433789
"1264",1.04453938226952
"1265",-1.45693511547059
"1266",-0.213145448623292
"1267",0.213174610098907
"1268",0.365264127733011
"1269",-0.265840769567148
"1270",-1.35745645698131
"1271",-0.658809900911707
"1272",2.05555560056133
"1273",-0.656367901282935
"1274",0.0272918332119128
"1275",-1.28327314193816
"1276",0.817075838592404
"1277",-0.430753830643869
"1278",-1.78354781342288
"1279",0.555217865370383
"1280",-0.435975424838478
"1281",0.272869738087331
"1282",-1.73327658761939
"1283",-2.12043439039001
"1284",-0.832674752330974
"1285",1.52724491216909
"1286",1.09872795705338
"1287",-0.437808543519477
"1288",-0.825325674860942
"1289",-1.14889757949489
"1290",-0.930875435635067
"1291",-0.230949917575126
"1292",0.514016823102258
"1293",1.79891787371208
"1294",0.891993968322888
"1295",-0.202344524027115
"1296",1.22643073304122
"1297",-0.461193007661458
"1298",-0.872982289356677
"1299",-0.512783588239583
"1300",-0.381580310988319
"1301",0.0330924893955947
"1302",0.65901435420083
"1303",1.11990265941193
"1304",1.77790581540952
"1305",-0.937595769759415
"1306",-0.566792932013777
"1307",-1.71997600142938
"1308",0.678225912806414
"1309",1.73566008571657
"1310",-1.06415010408556
"1311",0.304784564223922
"1312",0.178685971100692
"1313",0.655336116542842
"1314",0.444710143005182
"1315",-0.399213498320844
"1316",0.542152597332501
"1317",1.26836643947107
"1318",-1.25326584512588
"1319",0.456385077756119
"1320",-1.31283174187117
"1321",0.342427721851194
"1322",0.223080599788889
"1323",0.49453563323739
"1324",1.31805685966267
"1325",-0.687885416782217
"1326",-0.254676986740577
"1327",-0.0795710225022148
"1328",0.0276492873897853
"1329",2.26064719308433
"1330",0.823191220798515
"1331",-1.74149481387711
"1332",0.410236869527079
"1333",-0.473844142280754
"1334",-0.357991813840365
"1335",1.88304055134562
"1336",0.286709185320958
"1337",-0.504840307568856
"1338",-2.29596155288536
"1339",-0.111919374821812
"1340",1.19821805163898
"1341",-0.608332054990393
"1342",-0.503173527538712
"1343",-1.44404695195752
"1344",-1.03004239879309
"1345",-0.556334714363606
"1346",-0.290286081870883
"1347",0.683273821336567
"1348",-2.2072352764121
"1349",-0.143467868727266
"1350",-0.0885645859608652
"1351",-0.157128149142251
"1352",1.48133462761921
"1353",1.85999256677495
"1354",0.496337362486453
"1355",-0.23354084784659
"1356",0.108413732407692
"1357",-1.76479412165617
"1358",0.937426456498636
"1359",1.34992400224371
"1360",-0.216134454575388
"1361",0.352650865269696
"1362",-1.15816318886856
"1363",-0.105294044942044
"1364",1.75776893432526
"1365",0.428209830062644
"1366",-0.378066264739226
"1367",-0.323429157613716
"1368",-0.0321525119204029
"1369",0.439748603921586
"1370",-0.998970331583891
"1371",0.356607634888103
"1372",-0.860469424660815
"1373",1.37240881601762
"1374",-0.464351612900239
"1375",0.221800723680959
"1376",0.730586113821887
"1377",0.751292664610976
"1378",0.754001833308081
"1379",-1.710736937318
"1380",-0.907994092891122
"1381",0.584490392396536
"1382",-0.571561392610363
"1383",0.266031523999522
"1384",0.736615552379359
"1385",-0.453308473784675
"1386",-1.0101215868398
"1387",-1.15921047919985
"1388",0.144470525186742
"1389",0.117859340146071
"1390",-0.28270695995344
"1391",-0.319026243472535
"1392",0.9561046780905
"1393",0.677367105755122
"1394",0.452099899139379
"1395",-1.26753326539655
"1396",1.10063343590055
"1397",0.170299444579974
"1398",1.46378852787392
"1399",0.38627374687948
"1400",-0.254046353510701
"1401",0.0864452112799584
"1402",-0.174822051293231
"1403",-0.0642145965089965
"1404",-0.308354071168357
"1405",-0.523727645921732
"1406",0.159163925605361
"1407",0.118288894208524
"1408",-1.24922993668458
"1409",0.206959329836701
"1410",0.610977190132979
"1411",0.371347884653314
"1412",0.70234934149691
"1413",-2.14144057583161
"1414",-1.71928890733078
"1415",-0.133201495159274
"1416",0.54798792771591
"1417",-0.00573342531681111
"1418",0.146153621916439
"1419",-0.252034888509452
"1420",0.875043745071657
"1421",0.307253630700186
"1422",0.318259108911766
"1423",0.86990881769506
"1424",0.178356777348818
"1425",1.32236447072845
"1426",-0.705760096405235
"1427",-0.347484873988926
"1428",-1.10462312568996
"1429",-0.816734267656167
"1430",0.70297469988626
"1431",-0.624382235676449
"1432",1.07937423928667
"1433",-1.09669536520896
"1434",0.223801010251568
"1435",0.436905882945927
"1436",0.225475869617135
"1437",-0.524394621262433
"1438",1.15906190300959
"1439",0.739928742278452
"1440",-0.573365859493132
"1441",-1.38888477216319
"1442",0.245626026447578
"1443",1.24199069749066
"1444",-1.11904157324082
"1445",0.411274137969267
"1446",0.0270959935598605
"1447",0.0640996892821451
"1448",1.36698605173766
"1449",1.02787507787583
"1450",2.02026016834513
"1451",0.640788925094802
"1452",0.417327190670876
"1453",0.0980410692689953
"1454",1.02395481182059
"1455",-1.30223141242479
"1456",0.605947343196623
"1457",0.48337135745332
"1458",0.206195180730131
"1459",-0.711013942059272
"1460",0.819720997033944
"1461",0.106934068251898
"1462",0.297888617169195
"1463",0.0171162852682729
"1464",0.274642554115145
"1465",-1.27453525529521
"1466",-0.81780363427075
"1467",0.0364144414901854
"1468",1.84596691124374
"1469",0.812436350030204
"1470",-0.266529490177805
"1471",-1.05385938215711
"1472",1.6047205661636
"1473",0.952732270233896
"1474",-0.452586512916709
"1475",0.522839413765498
"1476",-1.16960072287657
"1477",0.790342722955291
"1478",0.159884559184048
"1479",1.87956664941624
"1480",0.352393986498461
"1481",1.4438049486905
"1482",-0.343208823415428
"1483",0.0940448505263538
"1484",-0.827601957423837
"1485",-0.722316495104982
"1486",-0.0267482298135493
"1487",0.867126760890178
"1488",0.00968886250362912
"1489",-0.749004652886457
"1490",0.53055629568292
"1491",0.605766772514562
"1492",1.16693786230812
"1493",-0.844972819960348
"1494",0.113249642106491
"1495",0.382283009828075
"1496",-1.02457501365569
"1497",-0.927951311261201
"1498",0.302903541280576
"1499",0.0377153603394551
"1500",0.61805647167476
"1501",-0.989720790337351
"1502",1.36108744891945
"1503",1.14353564729032
"1504",-2.14126526187916
"1505",0.252822224231573
"1506",-1.53326686735804
"1507",1.04160828805993
"1508",1.23376764252204
"1509",-0.753559249653609
"1510",-0.984005180177188
"1511",0.364288358583039
"1512",0.843687781136836
"1513",0.214535103801963
"1514",0.633334374379904
"1515",0.293673172007418
"1516",-2.14030156553903
"1517",1.51916564743272
"1518",0.642447148637338
"1519",-0.33779651760009
"1520",0.920303350762236
"1521",-1.7037098243678
"1522",-1.4557590923375
"1523",-0.285173916755639
"1524",0.562658688822148
"1525",0.361455600223521
"1526",-0.571950177640229
"1527",0.886369621097458
"1528",0.252752144706092
"1529",0.0796061375277219
"1530",1.93123794251261
"1531",-1.22681167941696
"1532",-0.091908131913928
"1533",-2.16049678496943
"1534",-0.308126487006044
"1535",-0.255510198552437
"1536",-0.648656500989813
"1537",-0.0263395700662655
"1538",2.14454759234031
"1539",0.37466910815427
"1540",0.173116147356472
"1541",-0.54011598373548
"1542",-0.49477643939601
"1543",-1.17366108002507
"1544",0.516856209311966
"1545",-0.155489881787233
"1546",1.14982094922993
"1547",-1.94255202432995
"1548",1.60379484581196
"1549",1.27371163155338
"1550",0.668734529666624
"1551",1.44894402344925
"1552",0.11238355017066
"1553",-1.09901540136997
"1554",-0.00916948827738243
"1555",0.884618647291198
"1556",-0.820392208332119
"1557",0.977725426330922
"1558",-0.136215810277771
"1559",-1.09423870188414
"1560",1.46921018120017
"1561",-0.664053404510835
"1562",-0.442010642647131
"1563",0.0215302301294423
"1564",0.617120847710399
"1565",0.876400469413845
"1566",0.44402761528171
"1567",0.240703253477925
"1568",0.287246894870289
"1569",2.06996980972417
"1570",0.45034125617007
"1571",0.597318845295847
"1572",-1.83885897235195
"1573",1.69047101912723
"1574",0.082286791274733
"1575",0.729150971126644
"1576",0.997300197999624
"1577",0.0598823770755431
"1578",0.628425274668284
"1579",-0.387025327794184
"1580",0.399824348595943
"1581",-0.416231865810054
"1582",-1.3641291300188
"1583",0.749316910281871
"1584",-0.0317099896046439
"1585",-1.28325147946014
"1586",-0.700684939194179
"1587",-0.827286251875692
"1588",1.04414274506018
"1589",-1.04953022216586
"1590",0.613075475111886
"1591",-0.0165733230063565
"1592",-0.510491267868431
"1593",-1.22479131370384
"1594",-0.133541334649624
"1595",-1.32365159797294
"1596",-2.4240671365924
"1597",-0.524424554053131
"1598",-1.91915102472285
"1599",1.03675913638043
"1600",0.511794580300347
"1601",0.377175121414289
"1602",0.0229720604748317
"1603",0.127822511768492
"1604",-0.0640230297741054
"1605",0.148676107793172
"1606",0.556264537304665
"1607",0.393200830678379
"1608",1.07311349927414
"1609",0.521427415886332
"1610",0.304813320670857
"1611",0.0369927749024316
"1612",-0.560987279352358
"1613",-0.496663514109922
"1614",-2.51601766324077
"1615",0.649446148611055
"1616",0.00904132766692358
"1617",-0.0136500512951022
"1618",-0.905903507004014
"1619",0.233734571280798
"1620",-0.361965483799711
"1621",-0.464622090501233
"1622",-0.165427361329712
"1623",-0.419979303891374
"1624",-0.852968253610323
"1625",-1.74122988274041
"1626",0.0326853574947018
"1627",0.743695059318278
"1628",-0.410114080345822
"1629",0.338738897565071
"1630",0.552217734786171
"1631",-1.32901369873098
"1632",-1.69488035132461
"1633",-0.178314149568241
"1634",-0.0456511322550509
"1635",1.71353432677631
"1636",-1.9711272290759
"1637",1.41595792833718
"1638",0.577565323241267
"1639",1.79838939922825
"1640",0.359080850885952
"1641",1.67958528554527
"1642",-0.272943612284986
"1643",-0.576185160307535
"1644",0.988889481194296
"1645",0.223557131716522
"1646",1.5376941349374
"1647",0.575627814183436
"1648",-0.409421107823873
"1649",0.193361560370431
"1650",0.498347077986437
"1651",0.164982716498579
"1652",-0.00284112925371877
"1653",0.721523575509506
"1654",-0.608171840721344
"1655",0.341055177485013
"1656",-0.295120936732608
"1657",-0.533219743314066
"1658",-1.27535136813991
"1659",-0.722475942792802
"1660",-0.184356065432868
"1661",-0.993640851213561
"1662",0.75042647145364
"1663",0.547858769098741
"1664",0.314105067567879
"1665",0.997646351903967
"1666",1.37816148681584
"1667",1.47141482050132
"1668",1.02131931825787
"1669",-0.624614029484375
"1670",0.489669099053915
"1671",-0.538429055408277
"1672",-0.187551570493783
"1673",0.644408268774067
"1674",1.0415965099925
"1675",-0.671476071211401
"1676",0.645352551449511
"1677",0.0929560103610097
"1678",0.778797543999139
"1679",0.279394061783113
"1680",1.57204854959361
"1681",-0.493392004541667
"1682",1.61747377812642
"1683",1.77437775480202
"1684",1.28532172813977
"1685",-1.05005195384554
"1686",-0.415351860807954
"1687",-0.0603403074266945
"1688",1.22871967371737
"1689",0.934003501032855
"1690",0.556795811287686
"1691",0.31650620400676
"1692",1.03800707498899
"1693",-0.397361187887377
"1694",-2.16033123494835
"1695",-0.7683207596163
"1696",-0.909821022416838
"1697",0.258466051430804
"1698",-2.10548480415097
"1699",-0.751670690784279
"1700",0.800554570250722
"1701",1.97101590629973
"1702",-0.108424604156919
"1703",-0.679609273009219
"1704",0.74937883084581
"1705",-0.708779190176775
"1706",2.76757417524408
"1707",-1.87046983376804
"1708",-0.541802666377353
"1709",-1.24834501349517
"1710",1.49517260415263
"1711",-0.500619720674672
"1712",-0.454169020970397
"1713",1.74583283040963
"1714",0.654618570949587
"1715",-1.81560400901836
"1716",-1.83313645596383
"1717",1.26346821182756
"1718",-1.49722137014395
"1719",0.146506033422748
"1720",1.33236633580268
"1721",0.818494481027733
"1722",-0.43621801351995
"1723",1.21523512355213
"1724",-0.362668129897545
"1725",0.94905197099164
"1726",-0.947280006819668
"1727",-0.513397823395985
"1728",-0.65258548069351
"1729",-1.39820519048709
"1730",1.67499018195934
"1731",-1.49674967435446
"1732",0.184621419732172
"1733",0.365216918250397
"1734",-0.167248126459522
"1735",-0.162407572558572
"1736",1.0433681086632
"1737",1.45004075921962
"1738",-0.532891198172866
"1739",-0.567166931242948
"1740",0.538667279897356
"1741",-0.186968719132351
"1742",1.0919084879496
"1743",1.21074053051193
"1744",-0.159618429287652
"1745",-0.163556068650017
"1746",0.0330510266583492
"1747",-0.104861858695828
"1748",1.32309279063738
"1749",0.753153479533172
"1750",0.699827345081477
"1751",-3.20966524910339
"1752",-1.59076960332551
"1753",-0.965765049118678
"1754",1.35970767607241
"1755",1.81417921679734
"1756",-0.779004133081183
"1757",-0.383178132697431
"1758",0.109663914236133
"1759",1.08289160138236
"1760",-1.68124612617453
"1761",-1.5911062734698
"1762",1.46296184549336
"1763",-0.462725541207728
"1764",0.311168904247453
"1765",0.881168404708918
"1766",-1.31077974333511
"1767",-1.52612384149088
"1768",-0.319526061628488
"1769",-0.589516449283459
"1770",-0.769705651133552
"1771",0.388548887021103
"1772",-0.853204994157694
"1773",2.22603306829156
"1774",-1.3124646167382
"1775",-1.98879582571324
"1776",-0.478003633097379
"1777",-2.40508691198685
"1778",0.0187884136643498
"1779",-0.653210944400455
"1780",-0.741449533006808
"1781",1.22959660512202
"1782",-0.701140437327085
"1783",0.0037283313421379
"1784",-0.228610249466467
"1785",-0.827493891024422
"1786",1.01808784821874
"1787",0.929868548543913
"1788",-0.847862217470779
"1789",-0.889666171895538
"1790",0.972986094263582
"1791",0.435588943085548
"1792",-0.695605098172621
"1793",-1.66638221745566
"1794",-0.132683254814775
"1795",0.664907063161045
"1796",-0.541387924871826
"1797",-0.0339985284479058
"1798",-1.16228240624428
"1799",1.32436125812223
"1800",1.18151857977308
"1801",-0.104609410153831
"1802",1.89436712627587
"1803",-2.46197106529261
"1804",0.394409911090848
"1805",-0.243406989059509
"1806",1.34390828945952
"1807",0.506555157596205
"1808",-1.25164459233134
"1809",-1.43087054363347
"1810",0.849959809627001
"1811",0.239065579492409
"1812",-0.541831503309255
"1813",2.36952824432537
"1814",0.0111702123911642
"1815",0.902585177827009
"1816",1.06044680196958
"1817",0.216988899409641
"1818",0.569843379607251
"1819",-0.467140631566143
"1820",0.622980348570071
"1821",0.00011497540074835
"1822",-0.0660691958293436
"1823",-1.01306718907757
"1824",0.699158373950355
"1825",0.071078934594193
"1826",-0.0151673321902161
"1827",0.338613967983264
"1828",0.340487726475824
"1829",0.435280302119418
"1830",-0.130147517326819
"1831",-0.260414765609671
"1832",-0.356380096572951
"1833",-2.86391206622553
"1834",-0.544966414742982
"1835",-0.542015296247196
"1836",-0.0128442860007752
"1837",-0.71836325067599
"1838",-1.39520368380464
"1839",-1.57725425381727
"1840",-1.21821827907217
"1841",0.460325021142468
"1842",0.172349695622056
"1843",-1.99698991401673
"1844",0.353185716128196
"1845",-3.04818040531598
"1846",0.614772773366171
"1847",-0.378796031537268
"1848",-0.734005778678061
"1849",0.766993059443844
"1850",-1.16913258782472
"1851",-1.41363497174722
"1852",-0.214552493572397
"1853",-3.03330464360804
"1854",-1.01564449472771
"1855",-0.016588922857921
"1856",1.07508823475048
"1857",-0.104015266837887
"1858",-0.741307387338798
"1859",0.209453440845881
"1860",-0.382269130571995
"1861",0.298939609575058
"1862",-0.97703332654159
"1863",0.0357091309895756
"1864",-0.230499881792383
"1865",-1.23155272155681
"1866",0.119802866327537
"1867",0.19314609718052
"1868",0.580905797270612
"1869",0.0733445056218617
"1870",-0.629837340854763
"1871",-0.811237098857652
"1872",-0.0385096514988324
"1873",1.58276099769315
"1874",-1.48137395159753
"1875",0.628185581032807
"1876",-0.854944969166408
"1877",-0.271102689947682
"1878",-1.93995450896513
"1879",-1.02455078476013
"1880",-0.221892880883385
"1881",2.29753196352532
"1882",1.29114656193607
"1883",-1.62080575942539
"1884",1.69930426262568
"1885",-1.17169369369659
"1886",0.192866583374256
"1887",1.56099134395781
"1888",0.110968016733668
"1889",-0.340496080269797
"1890",0.595909040449993
"1891",-0.900225500065585
"1892",0.19504861672945
"1893",0.501808320449398
"1894",0.801753541266314
"1895",-1.16931327857862
"1896",0.156408696906217
"1897",-0.886149447432051
"1898",0.129199513271147
"1899",0.295045187975755
"1900",-0.457614235371778
"1901",-0.844541834077344
"1902",0.091871019958982
"1903",-1.43429734644324
"1904",-1.04007973116643
"1905",1.06932596084496
"1906",0.700252021863576
"1907",-1.47016547437209
"1908",0.145121660679011
"1909",-0.169551811960939
"1910",-1.04671996866722
"1911",0.303153296946228
"1912",-1.17761222697016
"1913",-2.35634282043014
"1914",1.449621785891
"1915",2.20522158761817
"1916",-1.35409796166091
"1917",0.694846537295385
"1918",-0.66057092047873
"1919",-0.488002416946967
"1920",-0.734144539935244
"1921",0.52602243133745
"1922",-1.50554024728298
"1923",-0.972507932121078
"1924",-1.05509770422044
"1925",-1.08879125101656
"1926",-0.454615063925297
"1927",-0.275112881843776
"1928",-0.634612039410857
"1929",-1.44275194079656
"1930",-1.2435864593529
"1931",1.6874687880161
"1932",0.23079162534549
"1933",0.368112935226371
"1934",-0.375312817759503
"1935",0.580770622546345
"1936",-0.176896504132273
"1937",-0.613411471485585
"1938",-0.952408466305994
"1939",0.53588454584555
"1940",0.645659467155286
"1941",-0.0529131239404641
"1942",1.61490769782579
"1943",-0.637137583122082
"1944",-0.0805642971686383
"1945",0.0377638275434208
"1946",0.00860708506775536
"1947",0.938630684498795
"1948",-1.23831867686157
"1949",1.40119112598963
"1950",-0.0193651281362918
"1951",0.540082654018708
"1952",-0.946511614236482
"1953",1.39323299307979
"1954",-2.34182436598433
"1955",-2.00980573165408
"1956",0.350587072837454
"1957",0.716033756029316
"1958",0.326957036325343
"1959",2.22780498539178
"1960",2.04581836591794
"1961",1.8581436735173
"1962",1.45692930435958
"1963",0.345150147945207
"1964",-0.911980181062944
"1965",-0.772896213111319
"1966",-2.12223481581881
"1967",-0.945110397146877
"1968",1.42876960183722
"1969",0.0166898001388117
"1970",-0.604629563579942
"1971",0.582691416847282
"1972",-1.05053589994859
"1973",0.5466579779171
"1974",-0.206502022031818
"1975",-0.677363367023603
"1976",-0.523973119623379
"1977",1.54198017311901
"1978",-1.66055513613757
"1979",0.299638717394575
"1980",-0.604227601096355
"1981",1.6976988945381
"1982",0.509890397873858
"1983",-1.82659001800971
"1984",-0.814966586927035
"1985",-0.217909230834933
"1986",-0.628704662930228
"1987",-1.25863469053078
"1988",-2.08387572141545
"1989",0.459231797173539
"1990",1.20427538026728
"1991",0.139467665216374
"1992",-0.0996798241988487
"1993",-0.863425941427744
"1994",1.1347835836389
"1995",1.27290164189366
"1996",0.376087205309431
"1997",0.816873626759275
"1998",-0.458931748539867
"1999",0.364937469894892
"2000",-0.897321404500114
"2001",-0.108647252584264
"2002",1.20412617360584
"2003",0.712463107423791
"2004",1.64900734767761
"2005",0.744514647679328
"2006",-2.23828642870289
"2007",-0.764222726245491
"2008",1.01215623918229
"2009",1.07347565985546
"2010",-0.249671119793148
"2011",-2.50715816284658e-05
"2012",-1.39611412298395
"2013",1.63702981513325
"2014",-1.49528974082623
"2015",1.30401336038118
"2016",1.86913111202994
"2017",-0.269580840063976
"2018",-0.389363653700734
"2019",0.533112855550828
"2020",0.379047820049888
"2021",1.44430645574589
"2022",0.00715069221749369
"2023",-1.41313275406974
"2024",1.23999592630348
"2025",2.48000378904626
"2026",0.0568594830665316
"2027",0.303162767401846
"2028",0.726011145828837
"2029",1.55320318686624
"2030",-0.490389173765789
"2031",1.45077253342681
"2032",-0.807677386313683
"2033",-0.706393878291903
"2034",0.420804843608133
"2035",-0.334542437070798
"2036",-1.28439110201763
"2037",1.61761922921376
"2038",0.30672018337633
"2039",0.640566502918928
"2040",-1.48453446907194
"2041",-0.624048233745804
"2042",-1.06880856346999
"2043",-0.921451271200228
"2044",-2.03537145260716
"2045",-0.472470118033232
"2046",0.367475438839203
"2047",-1.95833744453303
"2048",-0.506314359308405
"2049",0.31457895973485
"2050",0.554777115399377
"2051",-0.874263904770903
"2052",1.04786448307299
"2053",-1.2620053770263
"2054",-0.352788671682283
"2055",-0.908371550256125
"2056",-0.588407412898525
"2057",-0.252399209388734
"2058",0.290248861380525
"2059",0.681078494844905
"2060",0.272160074632349
"2061",-0.0756591878623213
"2062",1.67781183065752
"2063",-0.928232056677162
"2064",-1.18422062446275
"2065",-1.81989590525563
"2066",-1.34343621010587
"2067",0.398385637430787
"2068",-0.742576297919538
"2069",0.143671917506409
"2070",0.822557356053537
"2071",1.64681850204361
"2072",-2.4402506523872
"2073",0.351039300007636
"2074",-0.249863691794763
"2075",-0.0185032847822276
"2076",1.43774681894316
"2077",-1.57341902378712
"2078",1.85828574198557
"2079",0.0380116837782805
"2080",0.649227454394224
"2081",1.42684728363486
"2082",-1.81813581358054
"2083",-1.86892577985749
"2084",0.232704999479561
"2085",-0.228595642675298
"2086",0.629777102176893
"2087",-1.47424347114445
"2088",-0.682616028579346
"2089",1.13775429088677
"2090",-1.27935327807815
"2091",0.652633354680378
"2092",0.336636367034918
"2093",0.256686518264031
"2094",-0.0148005578601675
"2095",-2.07279756888437
"2096",-0.66891405653944
"2097",0.0662874826919711
"2098",-1.74390809364845
"2099",-1.47214615476497
"2100",-1.05452755562771
